iter	RMSE
0	1.22351043
1	1.223331743
2	1.223171105
3	1.223058403
4	1.223014867
5	1.22282635
6	1.222699103
7	1.222521255
8	1.22232786
9	1.222063371
10	1.221960945
