iter	RMSE
0	1.309959547
1	1.288509541
2	1.262945348
3	1.242165703
4	1.217686769
5	1.200001787
6	1.183997866
7	1.17335096
8	1.164544936
9	1.14960953
10	1.135898919
